774,Mercurey premier cru La Bondue
199,Reuilly
1200,Volnay premier cru Les Mitans
1140,Savigny-lès-Beaune premier cru Les Rouvrettes
1183,Volnay premier cru Clos du Château des Ducs
164,Cheverny
1141,Savigny-lès-Beaune premier cru Les Talmettes
1868,Saumur Puy-Notre-Dame
198,Quincy
1256,Languedoc Montpeyroux
1257,Languedoc Pic-Saint-Loup
1218,Vosne-Romanée premier cru Les Gaudichots
1946,Marc de Bourgogne
1947,Fine de Bourgogne
344,Bourgogne Epineuil
819,Montagny premier cru Creux de Beaux Champs
346,Bourgogne La Chapelle Notre-Dame
347,Bourgogne Le Chapitre
340,Bourgogne Côte Chalonnaise
341,Bourgogne Côte d'Auxerre
342,Bourgogne Chitry
343,Bourgogne Coulanges-la-Vineuse
810,Meursault premier cru Perrières
811,Meursault premier cru Porusot
812,Meursault premier cru Sous Blagny ou Blagny
813,Meursault premier cru Sous le Dos d'Ane ou Blagny
348,Bourgogne Montrecul
349,Bourgogne Côte Saint-Jacques
816,Montagny premier cru Champ Toizeau
817,Montagny premier cru Chazelle
1149,Roussette de Savoie Monterminod
715,Mâcon Mancey
967,Nuits-Saint-Georges premier cru Rue de Chaux
1491,Valençay
1103,Saint-Aubin premier cru Vignes Moingeon
655,Mâcon Vergisson
1395,Orléans
1394,VINS DU THOUARSAIS
195,Muscadet Sèvre et Maine
1061,Saint-Amour
1060,Rully premier cru
910,Moulin-à-Vent
1096,Saint-Aubin premier cru Les Perrières
1258,Languedoc Picpoul de Pinet
298,Beaune premier cru La Mignotte
299,Beaune premier cru Le Bas des Teurons
296,Beaune premier cru En Genêt
297,Beaune premier cru En l'Orme
294,Beaune premier cru Clos des Ursules
295,Beaune premier cru Clos du Roi
292,Beaune premier cru Clos de la Mousse
293,Beaune premier cru Clos des Avaux
290,Beaune premier cru Clos de l'Ecu
291,Beaune premier cru Clos de la Feguine
591,Givry premier cru Les Bois Gautiers
590,Givry premier cru Le Vigron
593,Givry premier cru La Plante
592,Givry premier cru A Vigne Rouge
595,Givry premier cru Crémillons
594,Givry premier cru Crauzot
597,Givry premier cru En Choué
596,Givry premier cru La Grande Berge
599,Grands-Echezeaux
598,Givry premier cru
1122,Savigny-lès-Beaune
1123,Savigny-lès-Beaune premier cru Aux Clous
1124,Savigny-lès-Beaune premier cru Aux Fourneaux
1812,Pernand-Vergelesses premier cru Village de Pernand
1089,Saint-Aubin premier cru Les Castets
270,Beaujolais Quincié-en-Beaujolais
271,Beaujolais Rivolet
272,Beaujolais Romanèche-Thorins
273,Beaujolais Saint-Didier-sur-Beaujeu
274,Beaujolais Saint-Etienne-des-Oullières
275,Beaujolais Saint-Etienne-la-Varenne
276,Beaujolais Saint-Julien
277,Beaujolais Saint-Lager
278,Beaujolais Saint-Symphorien-d'Ancelles
279,Beaujolais Salles-Arbuissonnas-en-Beaujolais
738,Mâcon Serrières
524,Fixin premier cru Clos Napoléon
525,Fixin premier cru Clos de la Perrière
526,Fixin premier cru Le Clos du Chapitre
527,Fixin premier cru Les Hervelets
520,Criots-Bâtard-Montrachet
521,Echezeaux
522,Fixin
523,Fixin premier cru Les Arvelets
1014,Puligny-Montrachet premier cru Clos de la Garenne
1402,Roussette du Bugey Montagnieu
1016,Puligny-Montrachet premier cru Hameau de Blagny
1017,Puligny-Montrachet premier cru La Garenne
528,Fixin premier cru
529,Fleurie
1012,Puligny-Montrachet premier cru Champ Gain
1013,Puligny-Montrachet premier cru Clavaillon
1235,Limoux
449,Chassagne-Montrachet premier cru En Cailleret
448,Chassagne-Montrachet premier cru Dent de Chien
1339,Muscat de Saint-Jean-de-Minervois
1231,Bouzeron
1232,Viré-Clessé
1233,Irancy
443,Chassagne-Montrachet premier cru Chassagne
442,Chassagne-Montrachet premier cru Champs Jendreau
441,Chassagne-Montrachet premier cru Cailleret
440,Chassagne-Montrachet premier cru Bois de Chassagne
447,Chassagne-Montrachet premier cru Clos Saint-Jean
446,Chassagne-Montrachet premier cru Clos Pitois
445,Chassagne-Montrachet premier cru Chassagne du Clos Chareau
444,Chassagne-Montrachet premier cru Chassagne du Clos Saint-Jean
108,Pessac-Léognan
109,Pomerol
196,Pouilly-Fumé ou Blanc Fumé de Pouilly et Pouilly-sur-Loire
1135,Savigny-lès-Beaune premier cru Les Jarrons
102,Montagne-Saint-Emilion
103,Montravel
100,Médoc
1134,Savigny-lès-Beaune premier cru Les Hauts Marconnets
106,Pauillac
107,Pécharmant
104,Moulis
1024,Puligny-Montrachet premier cru Les Perrières
902,Morgon
39,ALSACE GRAND CRU SCHOENENBOURG
38,ALSACE GRAND CRU SCHLOSSBERG
1003,Pommard premier cru Les Rugiens Bas
33,ALSACE GRAND CRU PFINGSTBERG
32,ALSACE GRAND CRU PFERSIGBERG
31,ALSACE GRAND CRU OSTERBERG
30,ALSACE GRAND CRU OLLWILLER
37,ALSACE GRAND CRU SAERING
36,ALSACE GRAND CRU ROSACKER
35,ALSACE GRAND CRU RANGEN
34,ALSACE GRAND CRU PRAELATENBERG
1241,Clairette du Languedoc Ceyras
1240,Clairette du Languedoc Cabrières
1243,Clairette du Languedoc Le Bosc
1242,Clairette du Languedoc Fontès
1245,Clairette du Languedoc Nizas
1244,Clairette du Languedoc Lieuran-Cabrières
438,Chassagne-Montrachet premier cru Abbaye de Morgeot
439,Chassagne-Montrachet premier cru Blanchot dessus
436,Charmes-Chambertin
437,Chassagne-Montrachet
434,Chapelle-Chambertin
435,Charlemagne
432,Chambolle-Musigny premier cru Les Véroilles
433,Chambolle-Musigny premier cru
430,Chambolle-Musigny premier cru Les Plantes
431,Chambolle-Musigny premier cru Les Sentiers
753,Maranges premier cru Le Clos des Loyères
339,Bourgogne Hautes Côtes de Nuits
338,Bourgogne Hautes Côtes de Beaune
335,Blagny premier cru
334,Blagny premier cru Sous le Puits
337,Bourgogne
242,Auxey-Duresses premier cru La Chapelle
331,Blagny premier cru La Pièce sous le Bois
330,Blagny premier cru La Jeunellotte
333,Blagny premier cru Sous le Dos d'Ane
332,Blagny premier cru Sous Blagny
1189,Volnay premier cru La Gigotte
752,Maranges premier cru La Fussière
854,Montagny premier cru Les Vignes des Prés
818,Montagny premier cru Cornevent
856,Montagny premier cru Montcuchot
857,Montagny premier cru Mont Laurent
850,Montagny premier cru Les Resses
851,Montagny premier cru Les Treuffères
852,Montagny premier cru Les Vignes Derrière
853,Montagny premier cru Les Vignes longues
1210,Vosne-Romanée premier cru Aux Malconsorts
859,Montagny premier cru Sainte-Morille
193,Muscadet Coteaux de la Loire
248,Auxey-Duresses premier cru
6,ALSACE GRAND CRU BRAND
641,Mâcon Igé
1150,Roussette de Savoie Monthoux
547,Gevrey-Chambertin premier cru Champeaux
849,Montagny premier cru Les Platières
192,Muscadet
1055,Rully premier cru Pillot
99,Margaux
98,Marcillac
844,Montagny premier cru Les Macles
91,Jurançon
90,Irouléguy
93,Listrac-Médoc
92,Lalande-de-Pomerol
95,Lussac-Saint-Emilion
94,Loupiac
97,Pacherenc du Vic-Bilh
96,Madiran
1623,Côtes du Rhône Villages Massif d'Uchaux
1620,Corbières-Boutenac
1627,Gaillac rouge et rosé
1626,Côtes du Rhône Villages Signargues
1625,Côtes du Rhône Villages Puymeras
1624,Côtes du Rhône Villages Plan de Dieu
814,Meursault premier cru
1629,Mâcon Bray
1628,Mâcon
815,Montagny
925,Musigny
1058,Rully premier cru Raclot
153,Saint-Julien
995,Pommard premier cru Les Combes Dessus
559,Gevrey-Chambertin premier cru Issarts
558,Gevrey-Chambertin premier cru Fonteny
1217,Vosne-Romanée premier cru Les Chaumes
994,Pommard premier cru Les Charmots
555,Gevrey-Chambertin premier cru Craipillot
554,Gevrey-Chambertin premier cru Combe au Moine
557,Gevrey-Chambertin premier cru Estournelles-Saint-Jacques
556,Gevrey-Chambertin premier cru En Ergot
551,Gevrey-Chambertin premier cru Clos Saint-Jacques
550,Gevrey-Chambertin premier cru Clos Prieur
553,Gevrey-Chambertin premier cru Clos du Chapitre
552,Gevrey-Chambertin premier cru Clos des Varoilles
996,Pommard premier cru Les Croix Noires
238,Auxey-Duresses
239,Auxey-Duresses premier cru Bas des Duresses
234,Aloxe-Corton premier cru Les Vercots
235,Aloxe-Corton premier cru
236,Arbois
237,Arbois Pupillin
230,Aloxe-Corton premier cru Les Moutottes
426,Chambolle-Musigny premier cru Les Gruenchers
232,Aloxe-Corton premier cru Les Petites Folières
233,Aloxe-Corton premier cru Les Valozières
1098,Saint-Aubin premier cru Marinot
1051,Rully premier cru Le Meix Cadot
1052,Rully premier cru Le Meix Caillet
1053,Rully premier cru Molesme
1054,Rully premier cru Montpalais
993,Pommard premier cru Les Chaponnières
1056,Rully premier cru Préaux
1057,Rully premier cru Rabourcé
1191,Volnay premier cru Le Ronceret
1190,Volnay premier cru Lassolle
1193,Volnay premier cru Les Angles
992,Pommard premier cru Les Chanlins-Bas
1195,Volnay premier cru Les Brouillards
1197,Volnay premier cru Clos des 60 ouvrées
231,Aloxe-Corton premier cru Les Paulands
1,ALSACE
155,Sainte-Foy-Bordeaux
1278,Château-Grillet
1279,Châteauneuf-du-Pape
618,Ladoix premier cru
619,Latricières-Chambertin
1172,Volnay premier cru Champans
1170,Volnay premier cru Carelle sous la Chapelle
612,Ladoix premier cru Bois Roussot
613,Ladoix premier cru Hautes Mourottes
610,Ladoix
611,Ladoix premier cru Basses Mourottes
616,Ladoix premier cru Le Clou d'Orge
617,Ladoix premier cru Les Joyeuses
614,Ladoix premier cru La Corvée
615,Ladoix premier cru La Micaude
1007,Pouilly-Fuissé
754,Maranges premier cru Le Clos des Rois
1276,Cabardès
1006,Pommard premier cru
1887,Pays d'Auge Cambremer
1886,Crémant de Bordeaux
1885,Roussette de Savoie
1884,Roussette du Bugey
1883,Saint-Pourçain
1882,Saint-Emilion grand cru
1881,Crémant du Jura
1880,Crémant de Bourgogne
1284,Côte Rôtie
2123,Grignan-les-Adhémar
1286,Côtes du Rhône
1281,Clairette de Die
1280,Châtillon-en-Diois
1283,Cornas
1282,Condrieu
946,Nuits-Saint-Georges premier cru Clos des Grandes Vignes
947,Nuits-Saint-Georges premier cru Clos des Porrets-Saint-Georges
944,Nuits-Saint-Georges premier cru Clos des Corvées Pagets
879,Montrachet
1289,Côtes du Rhône Villages Cairanne
1288,Beaumes de Venise
940,Nuits-Saint-Georges premier cru Clos Saint-Marc
941,Nuits-Saint-Georges premier cru Clos de la Maréchale
1001,Pommard premier cru Les Poutures
1000,Pommard premier cru Les Petits Epenots
1306,Crozes-Hermitage
1307,Gigondas
1300,Côtes du Rhône Villages Séguret
1301,Côtes du Rhône Villages Valréas
1302,Vinsobres
872,Monthélie premier cru Le Village
1308,Hermitage
1309,Lirac
873,Monthélie premier cru Les Champs Fulliots
1059,Rully premier cru Vauvry
498,Chevalier-Montrachet
499,Chiroubles
494,Château-Chalon
495,Chénas
1196,Volnay premier cru Les Caillerets
490,Chassagne-Montrachet premier cru Vide Bourse
491,Chassagne-Montrachet premier cru Vigne Blanche
492,Chassagne-Montrachet premier cru Vigne Derrière
493,Chassagne-Montrachet premier cru
24,ALSACE GRAND CRU KITTERLE
25,ALSACE GRAND CRU MAMBOURG
26,ALSACE GRAND CRU MANDELBERG
27,ALSACE GRAND CRU MARCKRAIN
20,ALSACE GRAND CRU KASTELBERG
21,ALSACE GRAND CRU KESSLER
22,ALSACE GRAND CRU KIRCHBERG DE BARR
23,ALSACE GRAND CRU KIRCHBERG DE RIBEAUVILLE
1029,Régnié
927,Nuits-Saint-Georges premier cru Aux Argillas
28,ALSACE GRAND CRU MOENCHBERG
29,ALSACE GRAND CRU MUENCHBERG
820,Montagny premier cru L'Epaule
626,Mâcon Burgy
407,Chambertin-Clos de Bèze
406,Chambertin
1373,Lavilledieu
404,Chablis Grand Cru Valmur
1375,COTEAUX D'ANCENIS
402,Chablis Grand Cru Les Clos
401,Chablis Grand Cru Grenouilles
400,Chablis Grand Cru Bougros
1379,Côtes d'Auvergne
932,Nuits-Saint-Georges premier cru Aux Cras
931,Nuits-Saint-Georges premier cru Aux Champs Perdrix
930,Nuits-Saint-Georges premier cru Aux Chaignots
937,Nuits-Saint-Georges premier cru Chaines Carteaux
1342,Rivesaltes
409,Chambolle-Musigny premier cru Aux Beaux Bruns
408,Chambolle-Musigny
1167,Vin de Savoie Saint-Jeoire-Prieuré
1028,Puligny-Montrachet premier cru
758,Marsannay
1951,Pont-l'Évêque
1950,Cabernet de Saumur
1118,Santenay premier cru Les Gravières
1312,Tavel
1018,Puligny-Montrachet premier cru La Truffière
780,Mercurey premier cru Le Clos l'Evêque
379,Chablis premier cru Mont de Milieu
378,Chablis premier cru Les Lys
782,Mercurey premier cru Les Champs Martin
829,Montagny premier cru Les Bonneveaux
828,Montagny premier cru Les Beaux Champs
371,Chablis premier cru Côte des Prés-Girots
370,Chablis premier cru Côte de Vaubarousse
373,Chablis premier cru Fourchaume
372,Chablis premier cru Forêts
375,Chablis premier cru Les Beauregards
374,Chablis premier cru L'Homme Mort
377,Chablis premier cru Les Fourneaux
376,Chablis premier cru Les Epinottes
934,Nuits-Saint-Georges premier cru Aux Perdrix
1177,Volnay premier cru Clos de la Bousse d'Or
179,Jasnières
1176,Volnay premier cru Clos de la Barre
763,Mercurey premier cru Clos Marcilly
1871,Crémant de Die
1175,Volnay premier cru Clos de l'Audignac
393,Chablis premier cru Vaulorent
392,Chablis premier cru Vaugiraut
88,Haut-Médoc
390,Chablis premier cru Vau de Vey
397,Chablis premier cru
396,Chablis premier cru Vosgros
395,Chablis premier cru Vaux Ragons
394,Chablis premier cru Vaupulent
82,Entre-deux-Mers Haut-Benauge
83,Fronsac
80,Côtes du Marmandais
86,Graves
87,Graves de Vayres
84,Gaillac blanc
85,Gaillac premières côtes
797,Meursault premier cru Charmes
796,Meursault
1179,Volnay premier cru Clos de la Chapelle
794,Mercurey premier cru Les Saumonts
793,Mercurey premier cru Les Puillets
792,Mercurey premier cru Sazenay
762,Mercurey
929,Nuits-Saint-Georges premier cru Aux Bousselots
749,Maranges
799,Meursault premier cru Genevrières
798,Meursault premier cru Clos des Perrières
1270,Côtes du Roussillon Villages Lesquerde
7,ALSACE GRAND CRU BRUDERTHAL
1271,Côtes du Roussillon Villages Tautavel
1653,ALSACE GRAND CRU KAEFFERKOPF
170,Coteaux du Layon Chaume
1272,Faugères
1654,Languedoc Pézenas
1389,GROS PLANT DU PAYS NANTAIS
586,Givry premier cru Petit Marole
587,Givry premier cru Servoisine
584,Givry premier cru Les Grandes Vignes
1273,Fitou
582,Givry premier cru Clos du Vernoy
583,Givry premier cru Les Bois Chevaux
580,Givry premier cru Clos de la Baraude
581,Givry premier cru Clos du Cras long
1133,Savigny-lès-Beaune premier cru Les Hauts Jarrons
1274,Minervois
1131,Savigny-lès-Beaune premier cru La Dominode
1130,Savigny-lès-Beaune premier cru Champ Chevrey
1137,Savigny-lès-Beaune premier cru Les Marconnets
1136,Savigny-lès-Beaune premier cru Les Lavières
588,Givry premier cru Le Petit Prétan
589,Givry premier cru Le Paradis
245,Auxey-Duresses premier cru Les Ecussaux
244,Auxey-Duresses premier cru Les Duresses
247,Auxey-Duresses premier cru Reugne
246,Auxey-Duresses premier cru Les Grands Champs
241,Auxey-Duresses premier cru Clos du Val
240,Auxey-Duresses premier cru Climat du Val
243,Auxey-Duresses premier cru Les Bréterins
1666,Haut-Montravel
1277,Minervois-La Livinière
249,Bâtard-Montrachet
1665,Côtes de Montravel
786,Mercurey premier cru Les Fourneaux
1664,Saussignac
1380,Côtes d'Auvergne Boudes
768,Mercurey premier cru Clos des grands Voyens
1166,Vin de Savoie Saint-Jean-de-la-Porte
1381,Côtes d'Auvergne Chanturgue
519,Vin de Savoie Crépy
518,Côtes du Jura
926,Nuits-Saint-Georges
1009,Pouilly-Vinzelles
1008,Pouilly-Loché
511,Côte de Beaune-Villages
510,Côte de Beaune
1005,Pommard premier cru Les Saussilles
512,Côte de Brouilly
515,Côte roannaise
1002,Pommard premier cru Les Pézerolles
517,Coteaux du Lyonnais
516,Côte de Nuits-Villages
458,Chassagne-Montrachet premier cru La Chapelle
459,Chassagne-Montrachet premier cru La Grande Borne
1225,Vougeot premier cru Le Clos Blanc
1224,Vougeot premier cru Clos de la Perrière
1223,Vougeot
1222,Vosne-Romanée premier cru
1221,Vosne-Romanée premier cru Les Suchots
1220,Vosne-Romanée premier cru Les Rouges
450,Chassagne-Montrachet premier cru En Remilly
451,Chassagne-Montrachet premier cru En Virondot
452,Chassagne-Montrachet premier cru Ez Crets
453,Chassagne-Montrachet premier cru Ez Crottes
454,Chassagne-Montrachet premier cru Francemont
455,Chassagne-Montrachet premier cru Guerchère
456,Chassagne-Montrachet premier cru La Boudriotte
457,Chassagne-Montrachet premier cru La Cardeuse
1876,Bourgogne Passe-tout-grains
1877,Bourgogne aligoté
1875,Côtes de Bergerac
194,Muscadet Côtes de Grandlieu
1873,Muscat de Rivesaltes
1870,Crémant de Limoux
178,Crémant de Loire
177,Cour-Cheverny
176,Coteaux du Loir
175,Coteaux du Layon Saint-Lambert-du-Lattay
174,Coteaux du Layon Saint-Aubin-de-Luigné
173,Coteaux du Layon Rochefort-sur-Loire
172,Coteaux du Layon Rablay-sur-Layon
171,Coteaux du Layon Faye-d'Anjou
1879,Bourgogne mousseux
977,Pommard
656,Mâcon Verzé
975,Pernand-Vergelesses premier cru
974,Pernand-Vergelesses premier cru Vergelesses
973,Pernand-Vergelesses premier cru Les Fichots
972,Pernand-Vergelesses premier cru Ile des Vergelesses
971,Pernand-Vergelesses premier cru En Caradeux
970,Pernand-Vergelesses premier cru Creux de la Net
1080,Saint-Aubin premier cru En Montceau
654,Mâcon Uchizy
979,Pommard premier cru Clos de Verger
978,Pommard premier cru Clos Blanc
1120,Santenay premier cru Passetemps
180,Menetou-Salon
2,ALSACE KLEVNER DE HEILIGENSTEIN
1506,Muscat du Ventoux
653,Mâcon Solutré-Pouilly
1121,Santenay premier cru
767,Mercurey premier cru Clos des Barraults
197,Quarts de Chaume
399,Chablis Grand Cru Blanchot
1110,Santenay premier cru Beaurepaire
1367,Saint-Mont
650,Mâcon Prissé
191,Montlouis-sur-Loire
1287,Côtes du Rhône Villages
1125,Savigny-lès-Beaune premier cru Aux Gravains
1148,Roussette de Savoie Marestel
1126,Savigny-lès-Beaune premier cru Aux Guettes
1088,Saint-Aubin premier cru Le Puits
1227,Vougeot premier cru Les Petits Vougeots
11,ALSACE GRAND CRU FRANKSTEIN
10,ALSACE GRAND CRU FLORIMONT
13,ALSACE GRAND CRU FURSTENTUM
12,ALSACE GRAND CRU FROEHN
15,ALSACE GRAND CRU GLOECKELBERG
14,ALSACE GRAND CRU GEISBERG
17,ALSACE GRAND CRU HATSCHBOURG
16,ALSACE GRAND CRU GOLDERT
19,ALSACE GRAND CRU KANZLERBERG
18,ALSACE GRAND CRU HENGST
863,Montagny premier cru Vignes Couland
949,Nuits-Saint-Georges premier cru La Richemone
865,Montagny premier cru
864,Montagny premier cru Vignes Saint-Pierre
867,Monthélie premier cru La Taupine
866,Monthélie
787,Mercurey premier cru Les Montaigus
938,Nuits-Saint-Georges premier cru Château Gris
1226,Vougeot premier cru Les Crâs
1112,Santenay premier cru Clos Rousseau
1365,MOSELLE
883,Morey-Saint-Denis premier cru Clos Baulet
882,Morey-Saint-Denis premier cru Aux Cheseaux
881,Morey-Saint-Denis premier cru Aux Charmes
880,Morey-Saint-Denis
887,Morey-Saint-Denis premier cru La Bussière
886,Morey-Saint-Denis premier cru Côte Rotie
885,Morey-Saint-Denis premier cru Clos des Ormes
884,Morey-Saint-Denis premier cru Clos Sorbè
928,Nuits-Saint-Georges premier cru Aux Boudots
889,Morey-Saint-Denis premier cru Le Village
888,Morey-Saint-Denis premier cru La Riotte
943,Nuits-Saint-Georges premier cru Clos des Corvées
750,Maranges premier cru Clos de la Boutière
1370,TURSAN
648,Mâcon Péronne
950,Nuits-Saint-Georges premier cru Les Argillières
638,Mâcon Fuissé
657,Mâcon Vinzelles
756,Maranges premier cru Les Clos Roussots
649,Mâcon Pierreclos
1616,Côtes de Provence Sainte-Victoire
1617,Languedoc Terrasses du Larzac
1614,Saint-Chinian Berlou
1615,Saint-Chinian Roquebrun
1961,Rosé des Riceys
1963,Coteaux champenois
322,Beaune premier cru Pertuisots
323,Beaune premier cru Sur les Grèves
320,Beaune premier cru Les Vignes Franches
321,Beaune premier cru Montée Rouge
326,Bienvenues-Bâtard-Montrachet
327,Blagny
324,Beaune premier cru Sur les Grèves - Clos Saint-Anne
325,Beaune premier cru
328,Blagny premier cru Hameau de Blagny
329,Blagny premier cru La Garenne ou sur la Garenne
201,Saint-Nicolas-de-Bourgueil
200,Rosé de Loire
203,Saumur (vins tranquilles blancs)
202,Sancerre
205,Saumur mousseux
204,Saumur (vins tranquilles rouges)
207,Savennières Coulée de Serrant
206,Savennières
209,Touraine
948,Nuits-Saint-Georges premier cru En la Perrière Noblot
779,Mercurey premier cru Le Clos du Roy
778,Mercurey premier cru La Mission
1340,Muscat du Cap Corse
77,Fronton
75,Côtes de Duras
831,Montagny premier cru Les Bouchots
73,Côtes de Bordeaux-Saint-Macaire
72,Côtes de Blaye
71,Cérons
70,Canon Fronsac
1043,Rully premier cru Grésigny
869,Monthélie premier cru Le Château Gaillard
1041,Rully premier cru Clos du Chaigne
1040,Rully premier cru Clos St Jacques
1047,Rully premier cru La Renarde
1046,Rully premier cru La Pucelle
1045,Rully premier cru La Fosse
1044,Rully premier cru La Bressande
1132,Savigny-lès-Beaune premier cru Les Charnières
1048,Rully premier cru Les Pierres
1341,Rasteau
1681,Côtes de Bordeaux
208,Savennières Roche aux Moines
805,Meursault premier cru Les Cras
804,Meursault premier cru Les Caillerets
868,Monthélie premier cru Le Cas Rougeot
1142,Savigny-lès-Beaune premier cru Les Vergelesses
1143,Savigny-lès-Beaune premier cru Petits Godeaux
1269,Côtes du Roussillon Villages Latour-de-France
1268,Côtes du Roussillon Villages Caramany
1146,Seyssel
1147,Roussette de Savoie Frangy
1144,Savigny-lès-Beaune premier cru Redrescul
1145,Savigny-lès-Beaune premier cru
1263,Languedoc Saint-Saturnin
1262,Languedoc Saint-Georges-d'Orques
1261,Languedoc Saint-Drézéry
1260,Languedoc Saint-Christol
1267,Côtes du Roussillon Villages
1266,Côtes du Roussillon
1265,Languedoc blanc
1264,Languedoc Vérargues
215,Saumur-Champigny
775,Mercurey premier cru La Cailloute
210,Touraine Amboise
1599,Bugey Manicle
1303,Côtes du Rhône Villages Visan
105,NEAC
222,Aloxe-Corton premier cru Clos du Chapitre
951,Nuits-Saint-Georges premier cru Les Cailles
543,Gevrey-Chambertin
546,Gevrey-Chambertin premier cru Bel Air
1468,Epoisses
544,Gevrey-Chambertin premier cru Au Closeau
545,Gevrey-Chambertin premier cru Aux Combottes
8,ALSACE GRAND CRU EICHBERG
548,Gevrey-Chambertin premier cru Champonnet
549,Gevrey-Chambertin premier cru Cherbaudes
1019,Puligny-Montrachet premier cru Le Cailleret
1317,Bandol
1316,Ajaccio
997,Pommard premier cru Les Fremiers
1314,Côtes du Vivarais
991,Pommard premier cru Les Boucherottes
990,Pommard premier cru Les Bertins
1311,Saint-Péray
1310,Saint-Joseph
258,Beaujolais Emeringes
369,Chablis premier cru Côte de Savant
999,Pommard premier cru Les Jarolières
998,Pommard premier cru Les Grands Epenots
1319,Cassis
1318,Bellet
764,Mercurey premier cru Clos Tonnerre
1015,Puligny-Montrachet premier cru Clos de la Mouchère
154,Sainte-Croix-du-Mont
631,Mâcon Charnay-lès-Mâcon
765,Mercurey premier cru Clos Voyens
945,Nuits-Saint-Georges premier cru Clos des Forêts Saint-Georges
777,Mercurey premier cru La Levrière
1128,Savigny-lès-Beaune premier cru Basses Vergelesses
1010,Puligny-Montrachet
1022,Puligny-Montrachet premier cru Les Demoiselles
1821,Monthélie premier cru Les Cloux
1820,Monthélie premier cru Les Barbières
1011,Puligny-Montrachet premier cru Champ Canet
414,Chambolle-Musigny premier cru Les Amoureuses
415,Chambolle-Musigny premier cru Les Baudes
416,Chambolle-Musigny premier cru Les Borniques
417,Chambolle-Musigny premier cru Les Carrières
410,Chambolle-Musigny premier cru Aux Combottes
411,Chambolle-Musigny premier cru Aux Echanges
412,Chambolle-Musigny premier cru Derrière la Grange
413,Chambolle-Musigny premier cru La Combe d'Orveau
1384,Côtes d'Auvergne Madargues
1385,FIEFS VENDEENS BREM
1386,FIEFS VENDEENS MAREUIL
1387,FIEFS VENDEENS PISSOTTE
418,Chambolle-Musigny premier cru Les Chabiots
419,Chambolle-Musigny premier cru Les Charmes
1382,Côtes d'Auvergne Châteaugay
1383,Côtes d'Auvergne Corent
319,Beaune premier cru Les Tuvilains
318,Beaune premier cru Les Toussaints
313,Beaune premier cru Les Reversés
312,Beaune premier cru Les Perrières
311,Beaune premier cru Les Montrevenots
310,Beaune premier cru Les Marconnets
317,Beaune premier cru Les Teurons
316,Beaune premier cru Les Sizies
315,Beaune premier cru Les Seurey
314,Beaune premier cru Les Sceaux
1237,Clairette du Languedoc
1086,Saint-Aubin premier cru Le Bas de Gamay à l'Est
861,Montagny premier cru Sous les Feilles
1230,Saint-Bris
1338,Muscat de Mireval
832,Montagny premier cru Les Burnins
833,Montagny premier cru Les Chaniots
830,Montagny premier cru Les Bordes
781,Mercurey premier cru Les Byots
836,Montagny premier cru Les Combes
837,Montagny premier cru Les Coudrettes
834,Montagny premier cru Les Chaumelottes
835,Montagny premier cru Le Cloux
838,Montagny premier cru Les Coères
839,Montagny premier cru Les Craboulettes
808,Meursault premier cru Les Santenots Blancs
1335,Maury
3,ALSACE GRAND CRU ALTENBERG DE BERGBIETEN
1305,Ventoux
368,Chablis premier cru Côte de Léchet
1334,Grand Roussillon
366,Chablis premier cru Côte de Fontenay
367,Chablis premier cru Côte de Jouan
364,Chablis premier cru Côte de Bréchain
365,Chablis premier cru Côte de Cuissy
362,Chablis premier cru Chatains
363,Chablis premier cru Chaume de Talvat
360,Chablis premier cru Butteaux
361,Chablis premier cru Chapelot
840,Montagny premier cru Les Garchères
1336,Muscat de Beaumes-de-Venise
1138,Savigny-lès-Beaune premier cru Les Narbantons
1331,Les Baux de Provence
785,Mercurey premier cru Les Crêts
1050,Rully premier cru Marissou
1239,Clairette du Languedoc Aspiran
380,Chablis premier cru Montmains
381,Chablis premier cru Montée de Tonnerre
382,Chablis premier cru Morein
383,Chablis premier cru Mélinots
384,Chablis premier cru Pied d'Aloup
385,Chablis premier cru Roncières
386,Chablis premier cru Sécher
387,Chablis premier cru Troesmes
388,Chablis premier cru Vaillons
389,Chablis premier cru Vau Ligneau
1332,Banyuls
784,Mercurey premier cru Les Croichots
1188,Volnay premier cru Fremiets - Clos de la Rougeotte
1641,Bourgogne Tonnerre
1078,Saint-Aubin premier cru Echaille
1643,Mâconnais
783,Mercurey premier cru Les Combins
1396,Orléans-Cléry
148,Puisseguin-Saint-Emilion
1139,Savigny-lès-Beaune premier cru Les Peuillets
789,Mercurey premier cru Les Ruelles
860,Montagny premier cru Saint-Ytages
630,Mâcon Chardonnay
1164,Vin de Savoie Montmélian
1229,Côtes du Forez
578,Givry premier cru Clos-Saint-Pierre
1165,Vin de Savoie Ripaille
573,Givry premier cru Clos Charlé
572,Givry premier cru Cellier aux Moines
571,Givry
570,Gevrey-Chambertin premier cru
577,Givry premier cru Clos-Saint-Paul
576,Givry premier cru Clos Marole
575,Givry premier cru Clos Marceaux
574,Givry premier cru Clos Jus
637,Mâcon Davayé
61,Bergerac
62,Blaye
63,Bordeaux
65,Bordeaux Haut-Benauge
66,Côtes de Bourg, Bourg et Bourgeais
67,Buzet
68,Cadillac
69,Cahors
250,Beaujolais
251,Beaujolais Villages
256,Beaujolais Charentay
257,Beaujolais Denicé
254,Beaujolais Cercié
255,Beaujolais Chânes
1228,Vougeot premier cru
1371,VINS D'ENTRAYGUES ET DU FEL
101,Monbazillac
1162,Vin de Savoie Marignan
901,Morey-Saint-Denis premier cru
862,Montagny premier cru Vigne du soleil
405,Chablis Grand Cru Vaudésir
403,Chablis Grand Cru Preuses
1205,Volnay premier cru Taille Pieds
1038,Rully premier cru Champs Cloux
1372,VINS D'ESTAING
508,Corton
509,Corton-Charlemagne
506,Clos des Lambrays
507,Clos Saint-Denis
504,Clos de Tart
505,Clos de Vougeot
502,Chorey-lès-Beaune
503,Clos de la Roche
1034,Romanée-Saint-Vivant
1035,Ruchottes-Chambertin
1212,Vosne-Romanée premier cru Cros Parentoux
1213,Vosne-Romanée premier cru Clos des Réas
1206,Volnay premier cru
469,Chassagne-Montrachet premier cru Les Chaumes
468,Chassagne-Montrachet premier cru Les Champs gain
1214,Vosne-Romanée premier cru En Orveaux
1215,Vosne-Romanée premier cru La Croix Rameau
467,Chassagne-Montrachet premier cru Les Brussonnes
461,Chassagne-Montrachet premier cru La Maltroie
460,Chassagne-Montrachet premier cru La Grande Montagne
463,Chassagne-Montrachet premier cru La Roquemaure
1863,Fixin premier cru La Perrière
1862,Luberon
1865,Fixin premier cru Aux Cheusots
1864,Fixin premier cru Le Village
1867,Fixin premier cru Queue de Hareng
1866,Fixin premier cru En Suchot
1869,Coteaux de Die
165,Chinon
166,Coteaux de l'Aubance
167,Coteaux de Saumur
160,Anjou-Coteaux de la Loire
161,Anjou Villages
162,Bonnezeaux
163,Bourgueil
964,Nuits-Saint-Georges premier cru Les Vallerots
965,Nuits-Saint-Georges premier cru Les Vaucrains
966,Nuits-Saint-Georges premier cru Roncière
1677,Côtes de Provence la Londe
960,Nuits-Saint-Georges premier cru Les Procès
961,Nuits-Saint-Georges premier cru Les Pruliers
962,Nuits-Saint-Georges premier cru Les Saints-Georges
963,Nuits-Saint-Georges premier cru Les Terres Blanches
1129,Savigny-lès-Beaune premier cru Bataillère
968,Nuits-Saint-Georges premier cru
969,Pernand-Vergelesses
936,Nuits-Saint-Georges premier cru Aux Vignerondes
1106,Saint-Romain
1107,Saint-Véran
1104,Saint-Aubin premier cru Village
1102,Saint-Aubin premier cru Sur le sentier du Clou
935,Nuits-Saint-Georges premier cru Aux Thorey
1100,Saint-Aubin premier cru Sous Roche Dumay
1101,Saint-Aubin premier cru Sur Gamay
1517,Languedoc Grès de Montpellier
1108,Santenay
1109,Santenay premier cru Beauregard
149,Rosette
788,Mercurey premier cru Les Naugues
1388,FIEFS VENDEENS VIX
1097,Saint-Aubin premier cru Les Travers de Marinot
1090,Saint-Aubin premier cru Les Champlots
1275,Saint-Chinian
1390,HAUT-POITOU
1004,Pommard premier cru Les Rugiens Hauts
1158,Vin de Savoie Chignin
1814,Ladoix premier cru En Naget
1815,Ladoix premier cru Les Buis
1816,Ladoix premier cru Les Grêchons et Foutrières
1817,Meursault premier cru Les Ravelles ou Blagny
1810,Pernand-Vergelesses premier cru Sous Frétille 
1811,Pernand-Vergelesses premier cru Clos Berthet 
878,Monthélie premier cru
1813,Ladoix premier cru Le Rognet et Corton
876,Monthélie premier cru Les Vignes Rondes
877,Monthélie premier cru Sur la Velle
874,Monthélie premier cru Les Duresses
875,Monthélie premier cru Les Riottes
1818,Monthélie premier cru Clos des Toisières
1819,Monthélie premier cru Le Clou des Chênes
870,Monthélie premier cru Le Clos Gauthey
871,Monthélie premier cru Le Meix Bataille
642,Mâcon La Roche-Vineuse
585,Givry premier cru Les Grands Prétans
9,ALSACE GRAND CRU ENGELBERG
645,Mâcon Lugny
646,Mâcon Milly-Lamartine
644,Mâcon Loché
890,Morey-Saint-Denis premier cru Les Blanchards
891,Morey-Saint-Denis premier cru Les Chaffots
892,Morey-Saint-Denis premier cru Les Charrières
893,Morey-Saint-Denis premier cru Les Chenevery
894,Morey-Saint-Denis premier cru Les Faconnières
1247,Clairette du Languedoc Péret
896,Morey-Saint-Denis premier cru Les Gruenchers
897,Morey-Saint-Denis premier cru Les Millandes
898,Morey-Saint-Denis premier cru Les Ruchots
899,Morey-Saint-Denis premier cru Les Sorbès
1087,Saint-Aubin premier cru Le Charmois
1246,Clairette du Languedoc Paulhan
671,Mâcon Burgy
1249,Collioure
1199,Volnay premier cru Les Lurets
1248,Clairette du Languedoc Saint-André-de-Sangonis
1609,Maine-Anjou
48,ALSACE GRAND CRU WIEBELSBERG
1601,Roussette du Bugey Virieu-le-Grand
1600,Bugey Montagnieu
1105,Saint-Aubin premier cru
1605,Côtes du Roussillon Les Aspres
1604,Saint-Sardos
357,Chablis premier cru Beauroy
356,Chablis
809,Meursault premier cru Les Santenots du Milieu
354,Brouilly
353,Bourgogne ordinaire et grand ordinaire
351,Bourgogne Côtes du Couchois
350,Bourgogne Vézelay
803,Meursault premier cru Les Bouchères
802,Meursault premier cru Le Porusot
801,Meursault premier cru La Pièce sous le Bois ou Blagny
800,Meursault premier cru La Jeunellotte ou Blagny
807,Meursault premier cru Les Plures
806,Meursault premier cru Les Gouttes d'Or
359,Chablis premier cru Beugnons
358,Chablis premier cru Berdiot
216,Touraine Noble Joué
217,Coteaux du Vendômois
214,Vouvray
952,Nuits-Saint-Georges premier cru Les Chaboeufs
212,Touraine Mesland
1085,Saint-Aubin premier cru La Chatenière
211,Touraine Azay-le-Rideau
1236,Clairette de Bellegarde
955,Nuits-Saint-Georges premier cru Les Didiers
760,Mazis-Chambertin
761,Mazoyères-Chambertin
766,Mercurey premier cru Clos de Paradis
579,Givry premier cru Clos Salomon
218,Anjou Villages Brissac
219,Coteaux du Giennois
957,Nuits-Saint-Georges premier cru Les Perrières
956,Nuits-Saint-Georges premier cru Les Hauts Pruliers
1033,Romanée-Conti
1084,Saint-Aubin premier cru Es Champs
169,Coteaux du Layon Beaulieu-sur-Layon
1079,Saint-Aubin premier cru En Créot
1076,Saint-Aubin premier cru Derrière Chez Edouard
1077,Saint-Aubin premier cru Derrière la Tour
1074,Saint-Aubin
1075,Saint-Aubin premier cru Bas de Vermarain à l'Est
1113,Santenay premier cru Clos de Tavannes
1178,Volnay premier cru Clos de la Cave des Ducs
289,Beaune premier cru Clos Saint-Landry
288,Beaune premier cru Champs Pimont
462,Chassagne-Montrachet premier cru La Romanée
939,Nuits-Saint-Georges premier cru Clos Arlot
4,ALSACE GRAND CRU ALTENBERG DE BERGHEIM
281,Beaujolais Vauxrenard
280,Beaujolais Vaux-en-Beaujolais
283,Beaune premier cru A l'Ecu
282,Beaune
285,Beaune premier cru Aux Cras
284,Beaune premier cru Aux Coucherias
287,Beaune premier cru Blanches Fleurs
286,Beaune premier cru Belissand
1094,Saint-Aubin premier cru Les Frionnes
1095,Saint-Aubin premier cru Les Murgers des dents de chien
1083,Saint-Aubin premier cru En la Ranché
336,Bonnes-Mares
398,Chablis Grand Cru
1091,Saint-Aubin premier cru Les Combes
1092,Saint-Aubin premier cru Les Combes au Sud
1093,Saint-Aubin premier cru Les Cortons
1155,Vin de Savoie Ayze
1154,Vin de Savoie Arbin
1157,Vin de Savoie Chautagne
1116,Santenay premier cru La Comme
1151,Vin de Savoie
1099,Saint-Aubin premier cru Pitangeret
1153,Vin de Savoie Apremont
1152,Vin de Savoie Abymes
263,Beaujolais Le Perréon
262,Beaujolais Lantignié
261,Beaujolais Lancié
260,Beaujolais La Chapelle-de-Guinchay
267,Beaujolais Montmelas-Saint-Sorlin
266,Beaujolais Marchampt
265,Beaujolais Leynes
264,Beaujolais Les Ardillats
269,Beaujolais Pruzilly
268,Beaujolais Odenas
942,Nuits-Saint-Georges premier cru Clos des Argillières
1082,Saint-Aubin premier cru En Vollon à l'Est
59,Béarn
58,Barsac
54,Champagne
51,ALSACE GRAND CRU ZINNKOEPFLE
50,ALSACE GRAND CRU WINZENBERG
53,Côtes de Toul
52,ALSACE GRAND CRU ZOTZENBERG
259,Beaujolais Jullié
1037,Rully premier cru Agneux
1036,Rully
1337,Muscat de Lunel
1413,Côtes de Millau
1414,Malepère
152,Saint-Georges-Saint-Emilion
1081,Saint-Aubin premier cru En Remilly
1322,Côtes de Provence
1323,Palette
1320,Coteaux d'Aix-en-Provence
1321,Coteaux varois en Provence
1326,Vin de Corse ou Corse Calvi
1327,Vin de Corse ou Corse Coteaux du Cap Corse
1324,Patrimonio
1325,Vin de Corse ou Corse
982,Pommard premier cru Derrière Saint-Jean
983,Pommard premier cru En Largillière
1328,Vin de Corse ou Corse Figari
1329,Vin de Corse ou Corse Porto-Vecchio
986,Pommard premier cru La Refène
987,Pommard premier cru Le Clos Micot
984,Pommard premier cru La Chanière
985,Pommard premier cru La Platière
252,Beaujolais Beaujeu
776,Mercurey premier cru La Chassière
111,Premières Côtes de Bordeaux
1293,Côtes du Rhône Villages Roaix
253,Beaujolais Blacé
770,Mercurey premier cru Clos des Myglands
647,Mâcon Montbellet
773,Mercurey premier cru Griffères
1851,Pierrevert
772,Mercurey premier cru Grand Clos Fortoul
953,Nuits-Saint-Georges premier cru Les Crots
429,Chambolle-Musigny premier cru Les Noirots
428,Chambolle-Musigny premier cru Les Lavrottes
1254,Languedoc La Clape
1255,Languedoc La Méjanelle
1252,Languedoc
1253,Languedoc Cabrières
1250,Corbières
1251,Costières de Nîmes
421,Chambolle-Musigny premier cru Les Combottes
420,Chambolle-Musigny premier cru Les Chatelots
423,Chambolle-Musigny premier cru Les Feusselottes
422,Chambolle-Musigny premier cru Les Cras
425,Chambolle-Musigny premier cru Les Groseilles
424,Chambolle-Musigny premier cru Les Fuées
427,Chambolle-Musigny premier cru Les Hauts Doix
1259,Languedoc Quatourze
308,Beaune premier cru Les Fèves
309,Beaune premier cru Les Grèves
627,Mâcon Bussières
855,Montagny premier cru Vignes sur le Cloux
300,Beaune premier cru Le Clos des Mouches
301,Beaune premier cru Les Aigrots
302,Beaune premier cru Les Avaux
303,Beaune premier cru Les Boucherottes
304,Beaune premier cru Les Bressandes
305,Beaune premier cru Les Cents Vignes
306,Beaune premier cru Les Chouacheux
307,Beaune premier cru Les Epenotes
895,Morey-Saint-Denis premier cru Les Genavrières
825,Montagny premier cru Le Clouzot
1330,Vin de Corse ou Corse Sartène
824,Montagny premier cru Le Clos Chaudron
827,Montagny premier cru Les Bassets
847,Montagny premier cru Les Perrières
846,Montagny premier cru Les Paquiers
845,Montagny premier cru Les Maroques
826,Montagny premier cru Le Vieux Château
843,Montagny premier cru Les Las
842,Montagny premier cru Les Jardins
841,Montagny premier cru Les Gouresses
933,Nuits-Saint-Georges premier cru Aux Murgers
821,Montagny premier cru La Condemine du Vieux Château
958,Nuits-Saint-Georges premier cru Les Porrets-Saint-Georges
848,Montagny premier cru Les Pidances
1333,Muscat de Frontignan ou Frontignan ou Vin de Frontignan
823,Montagny premier cru La Moullière
1313,Vacqueyras
1209,Vosne-Romanée premier cru Aux Brulées
822,Montagny premier cru La Grande Pièce
954,Nuits-Saint-Georges premier cru Les Damodes
1127,Savigny-lès-Beaune premier cru Aux Serpentières
988,Pommard premier cru Le Village
1159,Vin de Savoie Chignin-Bergeron
989,Pommard premier cru Les Arvelets
1208,Vosne-Romanée premier cru Au-dessus des Malconsorts
1219,Vosne-Romanée premier cru Les Petis Monts
1192,Volnay premier cru Le Village
1630,Mâcon Villages
1631,Mâcon Chaintré
1633,Côtes de Provence Fréjus
730,Mâcon Saint-Gengoux-le-National
1039,Rully premier cru Chapitre
1238,Clairette du Languedoc Adissan
858,Montagny premier cru Montorge
980,Pommard premier cru Clos de la Commaraine
1169,Volnay
568,Gevrey-Chambertin premier cru Petits Cazetiers
569,Gevrey-Chambertin premier cru Poissenot
751,Maranges premier cru Clos de la Fussière
981,Pommard premier cru Clos des Epeneaux
757,Maranges premier cru
900,Morey-Saint-Denis premier cru Monts Luisants
755,Maranges premier cru Le Croix Moines
1042,Rully premier cru Cloux
560,Gevrey-Chambertin premier cru La Bossière
561,Gevrey-Chambertin premier cru La Perrière
562,Gevrey-Chambertin premier cru La Romanée
563,Gevrey-Chambertin premier cru Lavaut Saint-Jacques
564,Gevrey-Chambertin premier cru Les Cazetiers
565,Gevrey-Chambertin premier cru Les Corbeaux
566,Gevrey-Chambertin premier cru Les Goulots
567,Gevrey-Chambertin premier cru Petite Chapelle
1032,Richebourg
1597,Bugey
1596,Valençay
229,Aloxe-Corton premier cru Les Maréchaudes
228,Aloxe-Corton premier cru Les Guérets
227,Aloxe-Corton premier cru Les Fournières
226,Aloxe-Corton premier cru Les Chaillots
225,Aloxe-Corton premier cru La Toppe au Vert
224,Aloxe-Corton premier cru La Maréchaude
223,Aloxe-Corton premier cru La Coutière
1598,Bugey Cerdon
221,Aloxe-Corton premier cru Clos des Maréchaudes
220,Aloxe-Corton
1025,Puligny-Montrachet premier cru Les Pucelles
1027,Puligny-Montrachet premier cru Sous le Puits
1026,Puligny-Montrachet premier cru Les Referts
1021,Puligny-Montrachet premier cru Les Combettes
1020,Puligny-Montrachet premier cru Les Chalumaux
1023,Puligny-Montrachet premier cru Les Folatières
1187,Volnay premier cru Fremiets
1184,Volnay premier cru Clos du Verseuil
1115,Santenay premier cru Grand Clos Rousseau
1182,Volnay premier cru Clos des Ducs
391,Chablis premier cru Vaucoupin
1180,Volnay premier cru Clos de la Rougeotte
1181,Volnay premier cru Clos des Chênes
1160,Vin de Savoie Cruet
622,Mâcon Azé
1049,Rully premier cru Margotés
151,Saint-Estèphe
150,Saint-Emilion
607,La Grande Rue
606,L'Etoile
601,Juliénas
600,Griotte-Chambertin
157,Sauternes
1163,Vin de Savoie Marin
159,Anjou gamay
158,Anjou
1207,Vosne-Romanée
1484,Saint-Nectaire
609,La Tâche
608,La Romanée
1203,Volnay premier cru Robardelle
1204,Volnay premier cru Santenots
1211,Vosne-Romanée premier cru Aux Raignots
976,Petit Chablis
1161,Vin de Savoie Jongieux
1216,Vosne-Romanée premier cru Les Beaux Monts
1890,Côtes de Bordeaux Cadillac
1891,Côtes de Bordeaux Castillon
1892,Côtes de Bordeaux Blaye
1893,Côtes de Bordeaux Francs
959,Nuits-Saint-Georges premier cru Les Poulettes
2137,Pineau des Charentes
81,Entre-deux-Mers
636,Mâcon Cruzille
2130,Châteaumeillant
49,ALSACE GRAND CRU WINECK-SCHLOSSBERG
46,ALSACE GRAND CRU STEINKLOTZ
47,ALSACE GRAND CRU VORBOURG
44,ALSACE GRAND CRU STEINERT
45,ALSACE GRAND CRU STEINGRUBLER
42,ALSACE GRAND CRU SPIEGEL
43,ALSACE GRAND CRU SPOREN
40,ALSACE GRAND CRU SOMMERBERG
41,ALSACE GRAND CRU SONNENGLANZ
1111,Santenay premier cru Clos Faubard
465,Chassagne-Montrachet premier cru Les Boirettes
1298,Côtes du Rhône Villages Saint-Maurice
1299,Côtes du Rhône Villages Saint-Pantaléon-les-Vignes
5,ALSACE GRAND CRU ALTENBERG DE WOLXHEIM
1114,Santenay premier cru Clos des Mouches
1117,Santenay premier cru La Maladière
464,Chassagne-Montrachet premier cru Les Baudines
1119,Santenay premier cru Les Gravières-Clos de Tavannes
1362,Calvados Domfrontais
1290,Côtes du Rhône Villages Chusclan
1291,Côtes du Rhône Villages Laudun
1296,Côtes du Rhône Villages Sablet
1297,Côtes du Rhône Villages Saint-Gervais
1294,Côtes du Rhône Villages Rochegude
1295,Côtes du Rhône Villages Rousset-les-Vignes
466,Chassagne-Montrachet premier cru Les Bondues
474,Chassagne-Montrachet premier cru Les Embazées
1361,Pays d'Auge
795,Mercurey premier cru
1185,Volnay premier cru En Chevret
489,Chassagne-Montrachet premier cru Tête du Clos
488,Chassagne-Montrachet premier cru Tonton Marcel
487,Chassagne-Montrachet premier cru Petingeret
486,Chassagne-Montrachet premier cru Morgeot
485,Chassagne-Montrachet premier cru Les Vergers
484,Chassagne-Montrachet premier cru Les Rebichets
483,Chassagne-Montrachet premier cru Les Places
482,Chassagne-Montrachet premier cru Les Petits Clos
481,Chassagne-Montrachet premier cru Les Petites Fairendes
480,Chassagne-Montrachet premier cru Les Pasquelles
1807,Bordeaux supérieur
791,Mercurey premier cru Les Velley
1201,Volnay premier cru Pitures Dessus
790,Mercurey premier cru Les Vasées
472,Chassagne-Montrachet premier cru Les Combards
473,Chassagne-Montrachet premier cru Les Commes
470,Chassagne-Montrachet premier cru Les Chaumées
471,Chassagne-Montrachet premier cru Les Chenevottes
476,Chassagne-Montrachet premier cru Les Grandes Ruchottes
477,Chassagne-Montrachet premier cru Les Grandes Clos
475,Chassagne-Montrachet premier cru Les Fairendes
168,Coteaux du Layon
478,Chassagne-Montrachet premier cru Les Macherelles
479,Chassagne-Montrachet premier cru Les Murées
1368,COTES DU BRULHOIS
1369,COTEAUX DU QUERCY
